<!DOCTYPE hibernate-configuration PUBLIC
	"-//Hibernate/Hibernate Configuration DTD 3.0//EN"
	"http://www.hibernate.org/dtd/hibernate-configuration-3.0.dtd">
	<hibernate-configuration>
	<session-factory>
	<property name="coonection.driver.class">com.mysql.jdbc.Driver</property>
	<property name="connection.url">jdbc:mysql://localhost:3306/hibernate_XML1
</property>
	<property name="connection.username">root</property>
	<property name="connection.password">Ammu@4228</property>
	<property name="hibernate.dialect">org.hibernate.dialect.MySQLDialect</property>
	<property name="hbm2ddl.auto">update</property>
	<property name="show_sql">true</property>
	<mapping resource="amrutha/EmployeeManagementSystem_XML/hibernate.hbm.xml"></mapping>
	</session-factory>
	</hibernate-configuration>